{"cameraMode":{"drawMode":0,"name":"Shaded","section":"Shading Mode"},"sceneLighting":true,"audioPlay":false,"sceneViewState":{"m_AlwaysRefresh":true,"showFog":true,"showSkybox":true,"showFlares":true,"showImageEffects":true,"showParticleSystems":true,"showVisualEffectGraphs":true,"m_FxEnabled":true},"in2DMode":false,"pivot":{"x":-0.00852920114994049,"y":0.31152161955833437,"z":0.05404520034790039},"rotation":{"x":0.02549615129828453,"y":-0.009701668284833432,"z":0.0002480502880644053,"w":0.9996344447135925},"size":2.653979778289795,"orthographic":true}